TMDB id, Name,Year,Where
820517,"In Front of Your Face",2021,local
509635,"Alone",2020,local
635731,"Pig",2021,local
664297,"She Dies Tomorrow",2020,local
620249,"The Legend of Hei",2019,local
702,"A Streetcar Named Desire",1951,local
795813,"I'm Your Man",2021,local
680058,"The Rescue",2021,local
630240,"Titane",2021,local
713,"The Piano",1993,local
588367,"The Humans",2021,local
42188,"Never Let Me Go",2010,local
542178,"The French Dispatch",2021,local
320,"Insomnia",2002,local
477044,"Bergman Island",2021,local
1480,"Touch of Evil",1958,local
8052,"Hard Eight",1996,local
554230,"The Lost Daughter",2021,local
83542,"Cloud Atlas",2012,local
568124,"Encanto",2021,local
27324,"Pulse",2001,local
64131,"Mauvais Sang",1986,local
2767,"The Lovers on the Bridge",1991